-- Songs
INSERT INTO songs ( `Title`, `Artist`, `Genre`) VALUES ( 'Float away', 'The Springs', 'Pop'  );
INSERT INTO songs ( `Title`, `Artist`, `Genre`) VALUES ( 'In denial', 'Rocketts', 'Rock');
INSERT INTO songs ( `Title`, `Artist`, `Genre`) VALUES ( 'With you', 'Funzo', 'Pop');
INSERT INTO songs ( `Title`, `Artist`, `Genre`) VALUES ( 'Us', 'The Feast', 'RnB');
INSERT INTO songs ( `Title`, `Artist`, `Genre`) VALUES ( 'Low down blues', 'Blue eye bill', 'Blues');
INSERT INTO songs ( `Title`, `Artist`, `Genre`) VALUES ( 'Kickstart', 'nightvision', 'Dance');
INSERT INTO songs ( `Title`, `Artist`, `Genre`) VALUES ( 'Love is great', 'The flowers', 'Pop');
INSERT INTO songs ( `Title`, `Artist`, `Genre`) VALUES ( 'Grand Slam', 'MC Piper', 'Hip Hop');
INSERT INTO songs ( `Title`, `Artist`, `Genre`) VALUES ( 'The sky''s the limit', 'The four tunes', 'Pop');
INSERT INTO songs ( `Title`, `Artist`, `Genre`) VALUES ( 'Lost in it all', 'Green sky', 'Rock');
INSERT INTO songs ( `Title`, `Artist`, `Genre`) VALUES ( 'Don''t start', 'Down Cross', 'Rock');
INSERT INTO songs ( `Title`, `Artist`, `Genre`) VALUES ( 'Cheese pops', 'The Variation', 'Pop');
INSERT INTO songs ( `Title`, `Artist`, `Genre`) VALUES ( 'I thought you''d forgotten!', 'Anxious Jon', 'Blues');
INSERT INTO songs ( `Title`, `Artist`, `Genre`) VALUES ( 'Dream deeply', 'Vince Calm', 'Dance');
INSERT INTO songs ( `Title`, `Artist`, `Genre`) VALUES ( 'Why did you?', 'Taking Back Spring', 'Rock');
INSERT INTO songs ( `Title`, `Artist`, `Genre`) VALUES ( 'Pow', 'Kevinatron', 'Dance');
INSERT INTO songs ( `Title`, `Artist`, `Genre`) VALUES ( 'Gatwick on my mind', 'Thunderhands', 'Country');
INSERT INTO songs ( `Title`, `Artist`, `Genre`) VALUES ( 'Just go', 'The Stick Kittens', 'RnB');
INSERT INTO songs ( `Title`, `Artist`, `Genre`) VALUES ( 'Go, go, no', 'Five times rock', 'Rock and Roll');
INSERT INTO songs ( `Title`, `Artist`, `Genre`) VALUES ( 'Really?', 'The Daring', 'Pop');
INSERT INTO songs ( `Title`, `Artist`, `Genre`) VALUES ( 'Didn''t I', 'Bangi feat. Tentun', 'Hip Hop');
INSERT INTO songs ( `Title`, `Artist`, `Genre`) VALUES ( 'Yes you did', 'The Implorables', 'Heavy Metal');
INSERT INTO songs ( `Title`, `Artist`, `Genre`) VALUES ( 'Keep me', 'Flying Trees', 'Rock');
INSERT INTO songs ( `Title`, `Artist`, `Genre`) VALUES ( 'Door Slammer', 'Angry Pete', 'Blues');
INSERT INTO songs ( `Title`, `Artist`, `Genre`) VALUES ( 'It''s gone', 'Cushon', 'Soul');
INSERT INTO songs ( `Title`, `Artist`, `Genre`) VALUES ( 'My bubble', 'Highus Trek', 'Classical');
INSERT INTO songs ( `Title`, `Artist`, `Genre`) VALUES ( 'Tempt me', 'Safe Spacers', 'Pop');
INSERT INTO songs ( `Title`, `Artist`, `Genre`) VALUES ( 'So in love', 'Five times rock', 'Rock and Roll');
INSERT INTO songs ( `Title`, `Artist`, `Genre`) VALUES (  'Promise me', 'The Daring', 'Pop');
INSERT INTO songs ( `Title`, `Artist`, `Genre`) VALUES (  'What''s the buzz?', 'Bangi feat. Tentun', 'Hip Hop');
INSERT INTO songs ( `Title`, `Artist`, `Genre`) VALUES (  'Feed my soul', 'The Implorables', 'Heavy Metal');
INSERT INTO songs ( `Title`, `Artist`, `Genre`) VALUES (  'Metal dreams', 'Flying Trees', 'Rock');
INSERT INTO songs ( `Title`, `Artist`, `Genre`) VALUES (  'Bubble time', 'Angry Pete', 'Blues');
INSERT INTO songs ( `Title`, `Artist`, `Genre`) VALUES (  'Cancel me', 'Cushon', 'Soul');
INSERT INTO songs ( `Title`, `Artist`, `Genre`) VALUES (  'No more', 'Highus Trek', 'Classical');
INSERT INTO songs ( `Title`, `Artist`, `Genre`) VALUES (  'Don''t wanna cry', 'Safe Spacers', 'Pop');
INSERT INTO songs ( `Title`, `Artist`, `Genre`) VALUES (  'Don''t cry', 'The Springs', 'Pop');
INSERT INTO songs ( `Title`, `Artist`, `Genre`) VALUES (  'Hold on', 'Rocketts', 'Rock');
INSERT INTO songs ( `Title`, `Artist`, `Genre`) VALUES (  'Sing with me', 'Funzo', 'Pop');
INSERT INTO songs ( `Title`, `Artist`, `Genre`) VALUES (  'Lay down for a while', 'The Feast', 'RnB');
INSERT INTO songs ( `Title`, `Artist`, `Genre`) VALUES (  'Rock your body now', 'The Kings', 'Rock');
INSERT INTO songs ( `Title`, `Artist`, `Genre`) VALUES (  'A cold January', 'A Box of Spoons', 'Soul');
INSERT INTO songs ( `Title`, `Artist`, `Genre`) VALUES (  'I miss you', 'Megaheart', 'Blues');
INSERT INTO songs ( `Title`, `Artist`, `Genre`) VALUES (  'Sometimes', 'Heart Fighters', 'Rock');
INSERT INTO songs ( `Title`, `Artist`, `Genre`) VALUES (  'Running', 'Tiny Tiny', 'Rock and Roll');
INSERT INTO songs ( `Title`, `Artist`, `Genre`) VALUES (  'Everlasting', 'Monica Wonder', 'Rock');
INSERT INTO songs ( `Title`, `Artist`, `Genre`) VALUES (  'Keep it real', 'Hairy February', 'Country');
INSERT INTO songs ( `Title`, `Artist`, `Genre`) VALUES (  'Move up!', 'Bring Me the Spoons', 'Dance');
INSERT INTO songs ( `Title`, `Artist`, `Genre`) VALUES (  'Dance all night', 'A Box of Spoons', 'Soul');
INSERT INTO songs ( `Title`, `Artist`, `Genre`) VALUES (  'Hold on', 'Megaheart', 'Blues');
INSERT INTO songs ( `Title`, `Artist`, `Genre`) VALUES (  'Keep on dreaming', 'Heart Fighters', 'Rock');
INSERT INTO songs ( `Title`, `Artist`, `Genre`) VALUES (  'Sandy shores', 'Tiny Tiny', 'Rock and Roll');
INSERT INTO songs ( `Title`, `Artist`, `Genre`) VALUES (  'My heart is in Dublin', 'Monica Wonder', 'Rock');
INSERT INTO songs ( `Title`, `Artist`, `Genre`) VALUES (  'I lost my mind tonight', 'Hairy February', 'Country');
INSERT INTO songs ( `Title`, `Artist`, `Genre`) VALUES (  'Cheer me up', 'Bring Me the Spoons', 'Dance');
INSERT INTO songs ( `Title`, `Artist`, `Genre`) VALUES (  'It''s been a hard day', 'A Box of Spoons', 'Soul');
INSERT INTO songs ( `Title`, `Artist`, `Genre`) VALUES (  'No more sad songs', 'Megaheart', 'Blues');
INSERT INTO songs ( `Title`, `Artist`, `Genre`) VALUES (  'Stop and breathe', 'Heart Fighters', 'Rock');

-- members
INSERT INTO `members` (`MemberID`,`Firstname`,`Lastname`,`Email`) VALUES (8,'Nadim','Abe','ydf@coldmail.co.uk');
INSERT INTO `members` (`MemberID`,`Firstname`,`Lastname`,`Email`) VALUES (9,'Penda','Windy','rjc@mysite.co.uk');
INSERT INTO `members` (`MemberID`,`Firstname`,`Lastname`,`Email`) VALUES (10,'Abie','Barna','kyv@mailstore.co.uk');
INSERT INTO `members` (`MemberID`,`Firstname`,`Lastname`,`Email`) VALUES (11,'Ballari','Kaba','itf@mailservice.co.uk');
INSERT INTO `members` (`MemberID`,`Firstname`,`Lastname`,`Email`) VALUES (12,'Caerwyn','Ferlazzo','lya@email.co.uk');
INSERT INTO `members` (`MemberID`,`Firstname`,`Lastname`,`Email`) VALUES (13,'Lakeithia','Daus','jlc@mailservice.co.uk');
INSERT INTO `members` (`MemberID`,`Firstname`,`Lastname`,`Email`) VALUES (14,'Nafisa','Abebe','orv@me.co.uk');
INSERT INTO `members` (`MemberID`,`Firstname`,`Lastname`,`Email`) VALUES (15,'Penney','Winema','kyb@me.co.uk');
INSERT INTO `members` (`MemberID`,`Firstname`,`Lastname`,`Email`) VALUES (16,'Abiyram','Barnaba','stb@mailstore.co.uk');
INSERT INTO `members` (`MemberID`,`Firstname`,`Lastname`,`Email`) VALUES (17,'Ban','Kabacinski','jlj@me.co.uk');
INSERT INTO `members` (`MemberID`,`Firstname`,`Lastname`,`Email`) VALUES (18,'Cagney','Ferlita','cpl@mailservice.co.uk');
INSERT INTO `members` (`MemberID`,`Firstname`,`Lastname`,`Email`) VALUES (19,'Lakin','Dausch','bpe@myemail.com');
INSERT INTO `members` (`MemberID`,`Firstname`,`Lastname`,`Email`) VALUES (20,'Nagisa','Abed','oon@mailstore.co.uk');
INSERT INTO `members` (`MemberID`,`Firstname`,`Lastname`,`Email`) VALUES (21,'Peony','Winifred','khc@mail.co.uk');
INSERT INTO `members` (`MemberID`,`Firstname`,`Lastname`,`Email`) VALUES (22,'Abram','Barnaby','krv@mailservice.com');
INSERT INTO `members` (`MemberID`,`Firstname`,`Lastname`,`Email`) VALUES (23,'Bane','Kabat','fdy@me.co.uk');
INSERT INTO `members` (`MemberID`,`Firstname`,`Lastname`,`Email`) VALUES (24,'Cailyn','Ferlito','nvx@mysite.co.uk');
INSERT INTO `members` (`MemberID`,`Firstname`,`Lastname`,`Email`) VALUES (25,'Lala','Dausman','trx@mailservice.com');
INSERT INTO `members` (`MemberID`,`Firstname`,`Lastname`,`Email`) VALUES (26,'Nahuel','Abee','cin@mailservice.co.uk');
INSERT INTO `members` (`MemberID`,`Firstname`,`Lastname`,`Email`) VALUES (27,'Percy','Winn','nlf@me.com');
INSERT INTO `members` (`MemberID`,`Firstname`,`Lastname`,`Email`) VALUES (28,'Abraham','Barnhard','inw@email.com');
INSERT INTO `members` (`MemberID`,`Firstname`,`Lastname`,`Email`) VALUES (29,'Bandit','Kaczanowski','hun@email.co.uk');
INSERT INTO `members` (`MemberID`,`Firstname`,`Lastname`,`Email`) VALUES (30,'Cailean','Ferner','zyi@myemail.co.uk');
INSERT INTO `members` (`MemberID`,`Firstname`,`Lastname`,`Email`) VALUES (31,'Lakyle','Davern','zvx@mailstore.co.uk');
INSERT INTO `members` (`MemberID`,`Firstname`,`Lastname`,`Email`) VALUES (32,'Nahuatl','Abels','ler@coldmail.com');
INSERT INTO `members` (`MemberID`,`Firstname`,`Lastname`,`Email`) VALUES (33,'Percival','Wrenn','ipg@mailstore.co.uk');
INSERT INTO `members` (`MemberID`,`Firstname`,`Lastname`,`Email`) VALUES (34,'Abra','Barnosky','fit@mailservice.co.uk');
INSERT INTO `members` (`MemberID`,`Firstname`,`Lastname`,`Email`) VALUES (35,'Bandele','Kadar','dtt@mysite.com');
INSERT INTO `members` (`MemberID`,`Firstname`,`Lastname`,`Email`) VALUES (36,'Caia','Ferraioli','kbh@mysite.com');
INSERT INTO `members` (`MemberID`,`Firstname`,`Lastname`,`Email`) VALUES (37,'Lakshmi','Davidoff','drj@me.com');
INSERT INTO `members` (`MemberID`,`Firstname`,`Lastname`,`Email`) VALUES (38,'Nahla','Abernethy','raf@mailstore.co.uk');
INSERT INTO `members` (`MemberID`,`Firstname`,`Lastname`,`Email`) VALUES (39,'Pepper','Wynnie','kte@coldmail.co.uk');
INSERT INTO `members` (`MemberID`,`Firstname`,`Lastname`,`Email`) VALUES (40,'Abner','Barnthouse','pyi@coldmail.com');
INSERT INTO `members` (`MemberID`,`Firstname`,`Lastname`,`Email`) VALUES (41,'Bandana','Kadel','hho@mail.co.uk');
INSERT INTO `members` (`MemberID`,`Firstname`,`Lastname`,`Email`) VALUES (42,'Cai','Ferraiuolo','hzn@coldmail.co.uk');
INSERT INTO `members` (`MemberID`,`Firstname`,`Lastname`,`Email`) VALUES (43,'Laksha','Davidovich','xsz@coldmail.com');
INSERT INTO `members` (`MemberID`,`Firstname`,`Lastname`,`Email`) VALUES (44,'Nahilla','Abeyta','cmx@mysite.com');
INSERT INTO `members` (`MemberID`,`Firstname`,`Lastname`,`Email`) VALUES (45,'Pepin','Wynonah','efg@me.com');
INSERT INTO `members` (`MemberID`,`Firstname`,`Lastname`,`Email`) VALUES (46,'Abla','Baroni','snx@email.co.uk');
INSERT INTO `members` (`MemberID`,`Firstname`,`Lastname`,`Email`) VALUES (47,'Banagher','Kadinger','rno@mail.co.uk');
INSERT INTO `members` (`MemberID`,`Firstname`,`Lastname`,`Email`) VALUES (48,'Cahya','Ferranti','zsf@coldmail.co.uk');
INSERT INTO `members` (`MemberID`,`Firstname`,`Lastname`,`Email`) VALUES (49,'Lakota','Davies','foh@mail.com');

-- Downloads
INSERT INTO downloads ( `Date`,`SongID`, `MemberID`) VALUES ('2014-4-24','57', '40');
INSERT INTO downloads ( `Date`,`SongID`, `MemberID`) VALUES ('2011-12-16','51', '40');
INSERT INTO downloads ( `Date`,`SongID`, `MemberID`) VALUES ('2010-10-29','28', '10');
INSERT INTO downloads ( `Date`,`SongID`, `MemberID`) VALUES ('2019-1-23','53', '22');
INSERT INTO downloads ( `Date`,`SongID`, `MemberID`) VALUES ('2017-11-24','4', '12');
INSERT INTO downloads ( `Date`,`SongID`, `MemberID`) VALUES ('2017-3-8','47', '34');
INSERT INTO downloads ( `Date`,`SongID`, `MemberID`) VALUES ('2018-5-14','18', '44');
INSERT INTO downloads ( `Date`,`SongID`, `MemberID`) VALUES ('2012-11-24','34', '21');
INSERT INTO downloads ( `Date`,`SongID`, `MemberID`) VALUES ('2018-5-3','6', '9');
INSERT INTO downloads ( `Date`,`SongID`, `MemberID`) VALUES ('2016-5-20', '52', '29'); 

SELECT * FROM songs;
SELECT * FROM members;
SELECT * FROM downloads;

